id,eligible_address,amount,minting_start_date,minting_end_date
1,0x229782E2724cCe902dd4607d8445d0c711F89ab9,1242892722375279,1759276800,1791158400
2,0x9b9D097Dab8817843DD3B5D3e0f734A1643b2E87,495811792034970,1759276800,1791158400
3,0xBa0e7A99B4c6d3352Ef4950e86eD92aE7AbFcAa1,369000000000000,1759276800,1791158400
4,0x50eB9621432625eb7cEa1Cd6bf3f052864DF53c7,204023933417267,1759276800,1791158400
5,0x02a0da8eB827a665DCDf2c11a00AE303BbCB2d03,177507484724218,1759276800,1791158400
6,0x71A0B5d9eCdaa17e15bD364A1b64220ed1D81Cf7,108555976932016,1759276800,1791158400
7,0xB09e54D8f84D70129E53A3816c7E66dd776047ea,87165637983652,1759276800,1791158400
8,0x65dDDC635deea52b88c8baaA31f83B3B990a2F1B,81961495946369,1759276800,1791158400
9,0x85D0139F984c06047B5BE818Bf42C47ae3243c9f,62994728796373,1759276800,1791158400
10,0x5bE10bd8F302103DC5ECae375fb0977D251d5c87,53886396928750,1759276800,1791158400
11,0xBA6C2562deDbcac2192D4749AE1398cd4Ee71233,53355360200364,1759276800,1791158400
12,0xE1B9B91052EdC1526225f8291B05F90fBEc99e29,48847223842676,1759276800,1791158400
13,0xA7bbb79a020E9926be99cd631AA5C8027783a73d,45225017490822,1759276800,1791158400
14,0x2417Cc97AaCf89767E712A0fc43B708bEb860B5b,45221271850458,1759276800,1791158400
15,0x63dCb816234F1c897401a7D402665653b8C0d156,42364896159217,1759276800,1791158400
16,0xa0A4d91C875B41bC83B7324e2F53Ef85Ba291ef4,30491512429558,1759276800,1791158400
17,0xF0066E39486401b3051485395e4198e2a4F20EEA,26713005280275,1759276800,1791158400
18,0x460D632f0220c3BAB87585A3dC468e1d1BCf0e9C,23857401416966,1759276800,1791158400
19,0xca43C70499853af5E61ED9aD6143e2f9169049Bd,21723968265931,1759276800,1791158400
20,0x4f0859046a6E730E68c1621f8f5046Db562aCd37,20138800149730,1759276800,1791158400
21,0x2e3353bB2d515629d1acBD962E7d75689ae1dA27,19942494170789,1759276800,1791158400
22,0x13600B31F79cc95BCa3D9B6E039FE38e60558386,18894313187579,1759276800,1791158400
23,0xD74F517B083a289c8E33b54C74B280c84b5d439c,18017358121458,1759276800,1791158400
24,0xfb999b7e04B26Dd99d4BbC86FdD347E04335866b,17825158257557,1759276800,1791158400
25,0x440d9f8ad49A7bd1E369F1faAA4aaFd1Cb33C77b,15019567074416,1759276800,1791158400
26,0x4E547423308B54eb6680Ff56CD962583E17e8fB7,14032652309426,1759276800,1791158400
27,0x0aE8300635B69A201ad5bb0d4Bc736c559c73200,10961858313851,1759276800,1791158400
28,0x0DC947f0bbE40f2Aa2Fa453D55bA4A796FD95c83,9265509428398,1759276800,1791158400
29,0x226aba1E8e3dF14448C1b9Cc506D2207701963A3,8942990941849,1759276800,1791158400
30,0x45F75699AAf33809f6302e63d0a0FB25dB1F0929,8616619649103,1759276800,1791158400
31,0x6eEce8431e5aA363A97D4c2123911aaA60B59Ead,8607555323539,1759276800,1791158400
32,0x10D8Db6bE4DE3b63fb04A18aC6a8bfF6437D5bBA,8487642497942,1759276800,1791158400
33,0xEEced771C782fa648C2A6902fdf5fa572C49964d,8070767373523,1759276800,1791158400
34,0x01835f96Df7181F2F8ED51A766a599e41e34d9C7,7495009977563,1759276800,1791158400
35,0xBC6aD9543389f31D5716940b2FAAf5c50C763B3B,6989528843613,1759276800,1791158400
36,0xd3Cfb037c8D196aB7763d1605d28c8bE0cE6280C,6908274850604,1759276800,1791158400
37,0x3e84000d0d0Ad97c237f3451315dD492E8338b18,6758659701831,1759276800,1791158400
38,0xB96A45f62d8e17b8208A742B3A170f578B5569Be,6231475163755,1759276800,1791158400
39,0x75f18e84e6683e33aE084321f65BCBd0B88F008b,5989811692957,1759276800,1791158400
40,0x68D4969C1f10bb144262c98E03e35700dF6E96D2,5931397734796,1759276800,1791158400
41,0x6FF7E62B4d1D143aB8dBed4c9Cba19A3401Fa399,5920454861413,1759276800,1791158400
42,0x85d648C10acf490FE5F4Df19FDc2D1B19C55D346,5540613518273,1759276800,1791158400
43,0x398020209A19c9D6adb06d313bBA4ce7700c0A84,5373694214358,1759276800,1791158400
44,0x72fb28688FEe6059b25131Dc1276f1a8EedFC28f,5232349219494,1759276800,1791158400
45,0xbe83F24FE871157e2CB7BDC4Ea986385E4F11402,5166696977616,1759276800,1791158400
46,0x48E41a0C1d52E101Cc036E865874cb90A824C977,5130603487125,1759276800,1791158400
47,0xb315f90401D7F41F7C4FF700709420341F1da213,5013698349351,1759276800,1791158400
48,0x71c3D7b97E5392666AAA7FCD897e49ae54a9492E,4978095379294,1759276800,1791158400
49,0xEa3f27Fb7FC4aC22690767d7d5Aa72BA9315fB2A,4845211205916,1759276800,1791158400
50,0x6dCb0FcFcB18A7E81C218F94b4C8887fdb1993aA,4461172420510,1759276800,1791158400
51,0x36b4e3dAf31049a381519A6b1785d456c0349c1D,4360449938142,1759276800,1791158400
52,0xB5BD6780ae62BE234f0812201994bC81236D7020,4204705530795,1759276800,1791158400
53,0xC3c3e54B04a39Ce5f1991DFb95d174A5fC2Ae281,4203690380994,1759276800,1791158400
54,0xC853Dd94fAc5DeEfc49fBC71412293975eD21782,4098074797318,1759276800,1791158400
55,0xA1feEa244AF9c4ae5f0D175A908E52119c57ac87,4060764379078,1759276800,1791158400
56,0x236Acc578FC9Ba5e292de65884A3226c55784452,4035095583833,1759276800,1791158400
57,0xB36bF8B422265D777C3C63FbED8ab8f11413f82F,3925078667824,1759276800,1791158400
58,0x6F86Da70ED4dF83c7F19b5a45eacD61B168F3285,3809734254579,1759276800,1791158400
59,0x9DEDd6D191e151161226325Db2caC6fFaC6c4D04,3802283954597,1759276800,1791158400
60,0x570AC0319dF32Ce9eb58aD0EF7FF349e7B6dC7f5,3700127146050,1759276800,1791158400
61,0x474258448Ab7840a5bA74509D7457e8232157038,3598109672045,1759276800,1791158400
62,0x5734E52C2DdFA232C0C75b242d58AF06AD192F59,3477009639183,1759276800,1791158400
63,0x5b1C1E1cD446B9D145401Af114349E3457EABc20,3348864762872,1759276800,1791158400
64,0x6E791D2307753eFc1141513C7DA4f06AE7d0423f,3245066411157,1759276800,1791158400
65,0xD58077b50C07AEF5b6963186FaC044f9C6C86f44,3025801677610,1759276800,1791158400
66,0x23d804226fE0956E7E9534F40d4e2B710f360B1e,2983324687101,1759276800,1791158400
67,0x24a1fab5eCbFA61fBd7Ea6304f0B02E158991258,2885109590049,1759276800,1791158400
68,0x0467f851807E233404A829179c4BA53D68D52F46,2773814711163,1759276800,1791158400
69,0xE10970D8738BDda611b2ed34E3A9271771e6170c,2714996504180,1759276800,1791158400
70,0x99aDC46A6302646073312192188905bc22B38A8d,2698648687076,1759276800,1791158400
71,0x0Af2d545B16B1B6cD2C73f40d2425588cC16c366,2541339124061,1759276800,1791158400
72,0x432f1EC52Ae5c6e43D80D4Ab4f28e61e2b313Ae5,2527274531356,1759276800,1791158400
73,0xC9a2Dd5d64e398351E0Ae970aD48EC18aB67d326,2488425202091,1759276800,1791158400
74,0x504472F6B583d58cA7c74A9E611C65Fc654664B0,2360794340790,1759276800,1791158400
75,0xe31F0aF07925c71a3448d47B404F5cf705a7ea2D,2269049050863,1759276800,1791158400
76,0x0a31715D1aF256a3DA87EADBD44176991AA3ee9c,2263817498786,1759276800,1791158400
77,0x5679C7D801312dB1325E9B6ca1a57a3e01876f91,2258900168460,1759276800,1791158400
78,0x12334E1BD9801F8b98A9b1931163fEF4fea5FaB7,2256254594713,1759276800,1791158400
79,0xF3D61d111c80D2450BdFbC8B7F7bE0b35f16999D,2205315890282,1759276800,1791158400
80,0x4C4b5f61B02EEc91C15C46176199787edF78986F,2136555884030,1759276800,1791158400
81,0x32BD69a52516922c2b7b4319f20cACcDd7Fc7298,2129851433662,1759276800,1791158400
82,0x05f6D572d059D82c0522918DD5cE81e39A6225Eb,2049037398659,1759276800,1791158400
83,0xc37ee1eFbe3aC4728e5D1Ad48614a9Fc6215960e,1975690055936,1759276800,1791158400
84,0x76506d7949F7Ae576DEC5eDD46510742B2f60966,1952265460395,1759276800,1791158400
85,0x7E2D7aCE8Aa74aa255bDba3A0Fea3127F8Cc5eEb,1944167664595,1759276800,1791158400
86,0x5887e76eB947dB45898ffdA905A831087A5E096e,1928972003247,1759276800,1791158400
87,0x92E4845B2BE564bCC72DBFb49E8DAdf8dCeDaa54,1872832156485,1759276800,1791158400
88,0x39d6DeC6A040fb3871046bd2299bab4678B26476,1830402643193,1759276800,1791158400
89,0xfebe89A96Eb0c5B20453f34c5F9902644Bf313c2,1819914036741,1759276800,1791158400
90,0xd18312FbC4c9618cb28C7e7e985FCeF3C7Be63AD,1780646284033,1759276800,1791158400
91,0xEC277E2CE7abeE5d5ef82094435DB587aC7632E2,1772080675217,1759276800,1791158400
92,0x8fbECDa043D7E15bf1fEC35dE1F425Fa6f768181,1767742700825,1759276800,1791158400
93,0xBF2c19F331493dA8CFb75ec8a80f4ACD4ca396e2,1742222734733,1759276800,1791158400
94,0x420CFa35Bcd278232EaB96f855E1ffE6ff2B7F57,1645983546193,1759276800,1791158400
95,0xAf97C58402790FB1a36f1A4C140FD3b02901ce5b,1598437682394,1759276800,1791158400
96,0x3D27b7909a84c47Bc20a9CE68E7B2da314CB47a7,1486437298184,1759276800,1791158400
97,0x3e120625766D2D8C4ac4D85542c23Ec18AF2E5bb,1435449051555,1759276800,1791158400
98,0x29200CeddA5262CF38b4Cb378F4976424F91a8F3,1399049951206,1759276800,1791158400
99,0x00a1b616a61227c00923A845700a16e095348b14,1334751157636,1759276800,1791158400
100,0xA8B7AA8763A2B8A508365D53110daC9be17f2291,1328063099567,1759276800,1791158400
101,0xE643FD89188e5439dF8aB5B36b12A88b8f681e9F,1327620507488,1759276800,1791158400
102,0x6CfD72A7f1aFF71d0Ca4855cef9F59B28c7F12e0,1326546811891,1759276800,1791158400
103,0xf8B1906Ed0f3De8380C020204Ff6112A1314FA4F,1289991984699,1759276800,1791158400
104,0x0a441A9B1c84D61D0f6529E64C1DbBeAAd301870,1270091733484,1759276800,1791158400
105,0xC90769b100a110A1CfaACa1070B777f6bBe6CAC9,1268771432330,1759276800,1791158400
106,0xC9Ed6eb27Fc6C9E9b4f88d1DA2f97DAF21793E63,1253855161137,1759276800,1791158400
107,0x07e85c62bb4ebc53710542c6E07bD2afe34646D2,1244761138476,1759276800,1791158400
108,0xf3c4398bE7CDC55776CD84901D91Cc3B037eE4A7,1170492123610,1759276800,1791158400
109,0xcC7A429Dea88CA6C52295a5fCe77C5A4f8A5Ed77,1168907516311,1759276800,1791158400
110,0xD28E76c49AEb730d7E12Bec12991db49586Dc295,1159533871602,1759276800,1791158400
111,0xe8f49490d2b172870b3B225e9fcD39b5D68b2e9E,1127109903805,1759276800,1791158400
112,0x1863829EBdb673c5c2A5095B046F9Ae624ca139b,1041324321474,1759276800,1791158400
113,0xC19451240Bf06a3a1Cc8cb22F224F09369D03a9E,1007926971148,1759276800,1791158400
114,0x19A3F8FE72Cd2A6Fae2985aaF62cFc7DA28863C0,989012979285,1759276800,1791158400
115,0x96af22cBc1693E2bb8FB0eBa10dC665b4E5b3092,955560820890,1759276800,1791158400
116,0x28d01ffC2628368903C86220C14aa18d69d8e467,932418566334,1759276800,1791158400
117,0xb03A37C4a492eA16bc8e1481BD98A57f6F971667,931273059593,1759276800,1791158400
118,0xa16B0cf866FE0B8AE58fDC182D31e337d181bAda,928877829709,1759276800,1791158400
119,0x367cD9Ff6237B4ddeAaDbe9E3bc33D2B7Df9aa9C,917749183646,1759276800,1791158400
120,0x6BE5396753958983b1Cddd28c519237F9138B841,913214987834,1759276800,1791158400
121,0x32440CEDaE43de3e8A4c522656Ab8f0DE30d39AB,893938796555,1759276800,1791158400
122,0x92A1Df6250BcDc7CDBfb11423DB02707e05Be007,892200060273,1759276800,1791158400
123,0xb79ae34bCae88343395187310ecC919E05CD5b3a,870799884052,1759276800,1791158400
124,0x19E42891B437edFB2cb2a0D3Df247Ed0e0d36142,850580012632,1759276800,1791158400
125,0xc766622390D06d9c67B7D57A5782b864303f6523,830068643602,1759276800,1791158400
126,0x5D419518e149CdC555758907E63Dbeb2238986df,821205012485,1759276800,1791158400
127,0x22AFd396e6abF212A9e358A3f53D59508D174e56,820889681355,1759276800,1791158400
128,0xd20d4241f3592dcc1C8715C9ff1d50fBf69e684B,819614959463,1759276800,1791158400
129,0xa2f4C3D42132D97C4AEF6FCcCa5057961D3F8A86,819614959463,1759276800,1791158400
130,0x2Da8005b6fd533C1E3dB0f86ea6085754acCE688,763307411748,1759276800,1791158400
131,0x9E518c4414e04f5989578906C7e3a154B9F04576,744816898263,1759276800,1791158400
132,0x9AF5d014F77c7A2AD158afc216b3d1D474Cb6FbF,710688131350,1759276800,1791158400
133,0x6BE826AC5E782a999e7912852B6D828B9adBeE4D,684837475529,1759276800,1791158400
134,0x2B56179D6A12baFa11325c9FF089A1037d16571b,627874235846,1759276800,1791158400
135,0xEBaBDbAfcCc7326aD9BFe1875FE2542193326589,627620155209,1759276800,1791158400
136,0x62cdbD396dB0Ca5908E6B0e9acc636E093f4Ed1d,607580569450,1759276800,1791158400
137,0x018266A46B0E1F194ba8B18a8aD47F18dFF85d6e,601417064955,1759276800,1791158400
138,0x98CED93D94BF45074f0b2B658FBD6FF3c46Be1D3,595102206416,1759276800,1791158400
139,0xFAE836f725C6533D9aa40EBb05890b506C9F94c7,592376711952,1759276800,1791158400
140,0x782413620d60C90516f392Da520F4FD2ec5B9fDf,541642545961,1759276800,1791158400
141,0xf26f92C74ed33393A12ad844077861451d20B48E,502563304694,1759276800,1791158400
142,0xFF167B15274110e251d3C8423085Dd8E0b80C0dF,491146068309,1759276800,1791158400
143,0xcd30A0450C3e07ea4b28363381F0DF9b06f64717,488303681975,1759276800,1791158400
144,0xC5FB964681Df47898BF0b5F216FDA6CeA3150ad8,485826767222,1759276800,1791158400
145,0x0E544e9185749699Ed2014D49D06A66060FBC3a5,464469354587,1759276800,1791158400
146,0x3166ab11B6bB650eb456Fa595A2Fde8e8BD46C36,463352925033,1759276800,1791158400
147,0x1eBb1F252A4c1C9De1B348Da4a744E8bC9b721a7,461205533839,1759276800,1791158400
148,0x204952C1BA3629C57A4E2bD994FA68FA7e1631C4,456337652367,1759276800,1791158400
149,0x8801a0cfC14D75156C85dab44fb331DafB804A16,437103569447,1759276800,1791158400
150,0x236A6cADCd190e63D564E837B0aCF86ceBF96f5D,422717067631,1759276800,1791158400
151,0x714E43E07D983a2612118c473a994A645aC687B9,412954801176,1759276800,1791158400
152,0x812AE549c93f37B00d5a54f62f38B73dAeC862f4,408815745630,1759276800,1791158400
153,0x63CEad63F39ace0856b0D70Eac01C1EA265CE50B,379088264028,1759276800,1791158400
154,0x5BE1268E568A41d6C219884c72623916f21e1966,357575289127,1759276800,1791158400
155,0xA1D496C8EFdF869C982F8803c0C4f9B8AC947104,343956130247,1759276800,1791158400
156,0xC0bE688eD27BADF0462fF0759929dF518205F897,339107493328,1759276800,1791158400
157,0xd56aDD88b53c58498acC824225a9164397485DD1,322772567186,1759276800,1791158400
158,0xeea51d801c1B81d23269dbf4aE266401ECE5eD4c,269030414294,1759276800,1791158400
159,0x02a2911a507fdbEf69B579FEcE6fcB1D3A80BFB4,267596088115,1759276800,1791158400
160,0x9309Bee36508b5BF510D26Cf73dD1A0429cfFfdc,266571569415,1759276800,1791158400
161,0x46007eE251A1E365a3fDb1f6ebb72a73c19b55A4,255874118888,1759276800,1791158400
162,0x6b1dFABBa8CD4C39B503DAF67B08ac017E137440,243901019637,1759276800,1791158400
163,0x806F1cbfC0C0ECC050c84F21705427f3d26Fd684,238032576527,1759276800,1791158400
164,0xA1fcfD75a2ED31Cf87d35967d49aDfc02C812F8a,237909634283,1759276800,1791158400
165,0xb07908c64d007bfd046aA07d41F1333a5C2a0Fd5,237696661601,1759276800,1791158400
166,0x07F6c3aB4db889dCd5c268EE5Ab00717cAF95a61,231364866626,1759276800,1791158400
167,0x9f8262231990544ac668f6E44a74B10340c2E0e2,226295690307,1759276800,1791158400
168,0x393FE94Cb593d572fD4c6f87d5C47D53201624c3,219055903573,1759276800,1791158400
169,0x5DD97c0321461f7a051e88423f1b28aEf1401082,218517544342,1759276800,1791158400
170,0xe8b039819B0a4cE6A5113E87B5718871091D4447,209960764165,1759276800,1791158400
171,0xCC6c97E163c93aC41831a695475d2584512Da251,208750190166,1759276800,1791158400
172,0x908b6EA7BE6D3634FE43d37d2bbCa56a41657263,205791044597,1759276800,1791158400
173,0x83BA9006ef1216aa78c4fe0EC7B46471E07FFD23,205592680016,1759276800,1791158400
174,0xa7C466fA5f36c542Cec12773d7B4Df1aea0DE384,200633545927,1759276800,1791158400
175,0x37BB1F083FEd6d7e87fE6DAB7CBAD7D9c51202dc,197908561274,1759276800,1791158400
176,0x3D112447Af5Ab1Ffe21e0AbF83CF3F4fbF58f4e3,197207555396,1759276800,1791158400
177,0x7AA19694D958E284e082d608dcFAc3710857a77c,190306397437,1759276800,1791158400
178,0xDc008d55B1AB786d9e223842aD92654Ad1683738,186708287765,1759276800,1791158400
179,0x7316bdb522161Aab56D00ffcF44f16c59cE6B0fc,183601827840,1759276800,1791158400
180,0xE7133349Df20c6c08e91E3265170ECbd55998027,171488037968,1759276800,1791158400
181,0xB5105badE5f49EA0D323C85cD27581ba0d87f6fC,166570942466,1759276800,1791158400
182,0x6321821a56D4Db6B3cC9ddA3dafEC2235a34f0e1,154180257104,1759276800,1791158400
183,0xe0dd227DAe8aD02f1f92c67A809B68607D968Fdb,141944331684,1759276800,1791158400
184,0x56F6D5648b698945e71584718d772fa2ca1DFdec,138640349101,1759276800,1791158400
185,0x422cBD9c5c6d2e19634b05f230fd5FcC13DA44dD,136449498451,1759276800,1791158400
186,0xc5Fd86057347F378968798236ea3F7E7cD967D0F,135129918366,1759276800,1791158400
187,0xF0C2bfEe30eEcA49d0E0831bb8e066E7C9C85D31,134503504484,1759276800,1791158400
188,0x71c557274780bD836ECdF1578B80142c0bE0E5EF,131015451270,1759276800,1791158400
189,0x5Ac5A113560225Be2fACcc541D745462F829663C,126830999186,1759276800,1791158400
190,0xb53198F5CD81948440534a9578FC5350496D31bb,126302665253,1759276800,1791158400
191,0x09553eADebA67f4F4d55Df8d8280F8783fFF6a30,122745536329,1759276800,1791158400
192,0x18B0B9Df9a560B1A334Ba522fa584885bf89B85b,122288014874,1759276800,1791158400
193,0x222665e9C4Abcb0a476683fD1f7C8Ce2f1aEb955,116114851307,1759276800,1791158400
194,0x42C5a785E701E56bBDD4ffA647c8D03964f2a0fA,114828055820,1759276800,1791158400
195,0x8a5eB131FfE8d4B7053112c6E776424C578A9f75,107678893103,1759276800,1791158400
196,0xf5fDe1Ed21E4B04E3A6D4EA000D27498fD36D9FC,107494333505,1759276800,1791158400
197,0xBfd409642C3513570204bD39c4d4ab618F46aEa7,106918771462,1759276800,1791158400
198,0x06AE67FfAfA385a11f3A41aeF333341c0cB62d10,105361503039,1759276800,1791158400
199,0x9de47c815E4df11Db204B74970568f86227f1578,103297773578,1759276800,1791158400
200,0x4c4d395F1E28BBa94494d7125C6EF1F682BB9a60,101701607177,1759276800,1791158400
201,0xdA770F893f6F14AdC60715E4c1575D1544b2DBBA,101672237589,1759276800,1791158400
202,0x6Ac8A78DcdB8B8167D487A9D341589D0878923b8,93770079521,1759276800,1791158400
203,0xf58D1aB980B24cC5581791e971C9A019a0C8Ee05,88543004070,1759276800,1791158400
204,0xa302D0071826f6f2EFC15907713C17b33C5b0B9f,87493964527,1759276800,1791158400
205,0x575B54a1410B3c539053F524F8F194F2cd744Af0,86846401104,1759276800,1791158400
206,0x817c272656B5a53Dae495ffcb6729Ba7cD695C61,83330252928,1759276800,1791158400
207,0x24DA44966CD38E2e20fcfd4b24c862d29326A112,81961495946,1759276800,1791158400
208,0xa5ef967950d41E4A357068a602b6b8e333Aff41F,80112871842,1759276800,1791158400
209,0x38f3bB08dE875898A64FAAdcF8a6B59bC279e7a1,78804703742,1759276800,1791158400
210,0x366634bf99e9C1e35975126F3efa9a698da501bd,76520236153,1759276800,1791158400
211,0xD2F05218E4AbD4CaCab839fb6B10A845a66F2CEC,75902802720,1759276800,1791158400
212,0x9c8dC2CC24A9e28F91C5E55E94382b745a514A61,73412911919,1759276800,1791158400
213,0x609c625DdC4dE6d72F6303D42D865819677C9162,67932812817,1759276800,1791158400
214,0x02Cd3a738E628736b3e1FE912f226573Cbb2A48a,66429161557,1759276800,1791158400
215,0x5C5A3D30AF86B9622324c009A03AD88f69b8f78b,65115782616,1759276800,1791158400
216,0x11990C5381c66ca9406477B362F94b2Fd60192a0,64740133795,1759276800,1791158400
217,0x49885Fb63c9E13eE4Ed4320A7A6e5176fc4F5003,63864397641,1759276800,1791158400
218,0x507F2DC3F63a71bF601F11B82719f098b853A56c,63600291513,1759276800,1791158400
219,0xC3a324Af00b66140f7D869cb74Eb9990b0933e59,63457321329,1759276800,1791158400
220,0xe853491d31C592419EBd49A7C33cEAa1300cE1e9,63175921075,1759276800,1791158400
221,0xfA22325f59c7C5152C0C3d2fA2028920cB65472a,59738802190,1759276800,1791158400
222,0x4CE296A11ac5E5e43c0CB337Dbdf4d459e11BE6E,58930315585,1759276800,1791158400
223,0xF78b38a2F6efC5e01411B3322205756EFE278692,58389369712,1759276800,1791158400
224,0xCA38305dc14C60B3D17d6581401F756Ab9B54f83,55181217064,1759276800,1791158400
225,0x09C7ed61714dcddf634657c2DB2F3EC822e35a60,52209472917,1759276800,1791158400
226,0xF807669BaFD8Ef1d5e8C092b5FA5232172550E7d,51384106510,1759276800,1791158400
227,0xdd63dc33611D4740A744dC58Bcd94E9Eea48696b,50898088982,1759276800,1791158400
228,0x6349d4Fa4D08a9f2cDD9E53790eD0985cC1B25F0,50463693054,1759276800,1791158400
229,0x7C375b01f359b54396CE20bBA42d0C78Ca2769d3,45996791525,1759276800,1791158400
230,0x06EeEe1706b9eEB583734c2adF6F4b3A1D05606f,42910378629,1759276800,1791158400
231,0xb44366B619514ED544cfcAde5c5c030882F55d93,41962001305,1759276800,1791158400
232,0x6E9F49cd04ecEB3839fc9443974C1B7518Df58Aa,40982869726,1759276800,1791158400
233,0xD7c03452Ac68522Cf08cC123196BEC4747f718A6,36071254365,1759276800,1791158400
234,0x9259b5e192BcF68810dC05fa068163bc6A786470,33546840290,1759276800,1791158400
235,0x94eDAE8Ba83Bfdc45EBeCdBAD7Faa600295a62d1,32833775276,1759276800,1791158400
236,0x0A892838B1341eb4E452B16BD22a17825842E6DE,32612479237,1759276800,1791158400
237,0xE52086eAd7377B8f13CC9D8C55Aa630683bdc196,31070389310,1759276800,1791158400
238,0x99De0BDBBceB2859fDd574DF0604cE5048560907,29826514534,1759276800,1791158400
239,0x1Bf6261aAd22758C97A6Ee4Ca2AA729068709530,28477887695,1759276800,1791158400
240,0x1B48E015e0A3F0F89Efe434e3E026574300BCf82,28454038170,1759276800,1791158400
241,0xe88bAA843418Dd220327bbDa58697f3893198D9d,28430218594,1759276800,1791158400
242,0x7c22c8e8c6e652DF62704F51Ef736182EfE3691E,26218395792,1759276800,1791158400
243,0x8ad2A455a11C3401A69c5A2c02D4946fcd09D417,24244210500,1759276800,1791158400
244,0x94d330Dd8214c5B9d76C1885db867591BB931796,23777029980,1759276800,1791158400
245,0x197De15Cc24f2B626392836D2c5a1cAC5f497301,21142577615,1759276800,1791158400
246,0xc4e9C82C7ECd71eb72093b4bD7985747f7211a75,19087278711,1759276800,1791158400
247,0x4E4Db451113C23b9279C593EeCF588107283F435,17593831591,1759276800,1791158400
248,0xF834e5373a48eca45D9A023679f83E5d5117d6EC,15793980268,1759276800,1791158400
249,0x9327aC2D0fB7A2B9A1b65E193130852C11507cAC,14990757608,1759276800,1791158400
250,0xf55a7bE60e1c3CdCE50d2167cCAbF5cd4277Aaf6,14644811012,1759276800,1791158400
251,0x6b0e788c320269D9cACe274d9b96E53d902D98B1,14301437220,1759276800,1791158400
252,0x9c1b289210263135A61022624bD0D525d5bEfA12,14047929141,1759276800,1791158400
253,0x1780211F8dAEba340416B4E1d16ab02F18Afb7eB,13244977744,1759276800,1791158400
254,0xE7ED548d5763D13d2fbaD959ee27763f0BC31C87,11314371189,1759276800,1791158400
255,0x18C6Bb4B62dfCb4d3CB477f332b5f5F2c223AE37,11294393086,1759276800,1791158400
256,0x2722b249cA5FBB1eb0A031edaE9a7fe86fEbf01c,9921198994,1759276800,1791158400
257,0x44EbE70330f51828596a10ebB57f72BB2e0A3398,9859855349,1759276800,1791158400
258,0x648A6B9C22158FAA95C19f9F4883231Ba85116F8,9351381674,1759276800,1791158400
259,0x65A471E80AEDbe416EAC6408f304FbC843B64121,8699802412,1759276800,1791158400
260,0x98a76CeE635d754f0f7311E3Ef60BCb688dE6061,8319091838,1759276800,1791158400
261,0x56084bA130c3bee52E6c8574DAB42C3b161Ea0cB,8223162323,1759276800,1791158400
262,0x361149c4775AC64EEAA14d176EAC4DD5fF5b5cC6,8196149594,1759276800,1791158400
263,0x9234D95811B4615419E9Fd30aAeD3B5811f93a8f,8196149594,1759276800,1791158400
264,0x02Beb01b8DAbF76cd64E5dE515319cFf3269734e,7753557516,1759276800,1791158400
265,0x101E95bD3096534bf22C26de481D2543EE70a68d,7434018305,1759276800,1791158400
266,0xa9CdbFe61019c66a300403071dF9C418aF212ceB,7392926934,1759276800,1791158400
267,0x609d7C924fc4eB227F42C4d3282fAa35ebDC9E79,5917620007,1759276800,1791158400
268,0x6D8201622B42bA56B8cf9c9E2FD20895E907e487,5507812527,1759276800,1791158400
269,0x971e1B993a71d533df6814fE828a447a6aE5d2Bc,4696393717,1759276800,1791158400
270,0xDB79Bd08B8401fE9357aF7f5eBB8Fad6122d9428,4286586237,1759276800,1791158400
271,0xAB063f52b380237579D357F82ADCF9F69e3563A6,4118408946,1759276800,1791158400
272,0xBdD645d6D4184f0d73b4E693a9d8B87d38d67C28,3477460828,1759276800,1791158400
273,0x31bf477251a10Ed0B22eE3F350a05dB86D4db5Cd,2998910987,1759276800,1791158400
274,0xd511F0D781B355FF776360e54FaF83e378D962B2,2524414075,1759276800,1791158400
275,0x1cEE937D56e7ae548e7152782aE19a659288803E,1852329808,1759276800,1791158400
276,0xC5cd727DFaECAAF41D4BA9DD3D0797d364890547,1846405729,1759276800,1791158400
277,0x163b866E52f2CF8AB9324A77e6e6CE53e5cb281b,1834206344,1759276800,1791158400
278,0xB55b78BBf26B349640B053BD478BABEE0223d748,1698753443,1759276800,1791158400
279,0xbe17Acda77D42ae288d129C11df04c92660228F8,1483503076,1759276800,1791158400
280,0x750354fb5106355F51b0D2762fE226A8F6e043F4,1426130029,1759276800,1791158400
281,0x33281a355327Bb490C263C6382A8bd81BafE807B,1422509449,1759276800,1791158400
282,0xc7A602A14caB789a9b42e6693E21801c00B6cDe1,1372753024,1759276800,1791158400
283,0xE452568AF007ffb084160fEa8248Ee1eE599ad7b,1183414139,1759276800,1791158400
284,0x53b4541670F4cE36308a0B7cDA20131AA157c80B,1021941127,1759276800,1791158400
285,0xB6855635A51e3C90002139fCa78E978D7207872D,967145652,1759276800,1791158400
286,0x64a14F577644b619C846d42B848187370f3D5b1d,933539630,1759276800,1791158400
287,0x2Cf83b53c6c7DF0db993eE0EC513dCB7D6A76818,893380305,1759276800,1791158400
288,0x54d8109bb73986683A3DCcC5872a3Bb1c51D1a4a,823519732,1759276800,1791158400
289,0x5dC05292BDAd976Db2577a39693e58eDa047eD79,823514143,1759276800,1791158400
290,0xb8b8d22515CF41c01049e7A67991EE09FC12f3BB,819614959,1759276800,1791158400
291,0x201a089de2bFd27066cBa34bf9dd780665e39c72,765292011,1759276800,1791158400
292,0x71ffB45449050dA022B06d5759b7B795965baD22,516357424,1759276800,1791158400
293,0x4869E35cd6802850c6984E25E516Ee04e9a8a2bE,344934557,1759276800,1791158400
294,0xe56B0e093927d94fBe641528De6a822c09EA3433,337101261,1759276800,1791158400
295,0x42D2ae193484470FeB0674E6c9f4949b796f5c37,290690811,1759276800,1791158400
296,0x4973e4750cd3Bb0c2B28bd744a5F11b0886055e0,256166746,1759276800,1791158400
297,0xE86d94aA7Cf727Fb29017c5E2Bb4833d1fCb5576,236630253,1759276800,1791158400
298,0x5c8A67cfAF2C863DD0F44092AE4db508ca59912f,227433344,1759276800,1791158400
299,0xe72F93993F71A4b84246f7Cf45be2B3473358461,148857945,1759276800,1791158400
300,0x96AD4d9503Ae1F49cE15A46A51d4B5f25cb609aa,47463285,1759276800,1791158400
301,0x3Bd5ED4E657d393ec95dfd09973e4b0F4cE8095c,43940410,1759276800,1791158400
302,0x86dB50b2d56E355019d0692dcAb35cf1Be307B28,35628105,1759276800,1791158400
303,0x7Ad5718aCe87BF1Be2Ed47Be0eDad0a69643E309,29480204,1759276800,1791158400
304,0xBD647B880400A64c22b02D9aD9555a2fB5B1b95d,24588448,1759276800,1791158400
305,0x1c93914aD3bd564B67Cec06EC27129b0f6E9b6dF,14079149,1759276800,1791158400
306,0x55d693aa9ffa28bf17c7B23Afd68da281d08393f,6583119,1759276800,1791158400
307,0x3363a66ADAD879a1c85f6F769C4c807986F8Bef6,4359991,1759276800,1791158400
308,0x3216A9282A3a7C18FFd7Ec3F7091FB2Ddb54Fc57,34743,1759276800,1791158400
309,0x92111488dC2972164D0A3ffB758eeB4523cEeCDC,1821,1759276800,1791158400
310,0x5ec3272e3A0a4F6b3beE48E944b6e7F54328C10b,20,1759276800,1791158400
311,0x4c991E289aDcEb7053Ba7D5D034e63d49075f51f,15,1759276800,1791158400
312,0x0000000000002dfd7cd9601550F51C93d8d72F23,9,1759276800,1791158400
313,0x71ca5D5aD11107FbAaDf1c394C3CFF8e2EdF1e0E,7,1759276800,1791158400
314,0xB31c7927a6FFc931ECe4221083C9d72f9b60BBAd,6,1759276800,1791158400
315,0xb4AC963Dd71f70F164E643dF2a4e180b1fE85BeE,3,1759276800,1791158400
316,0x287C39914E436edB513aA43e9b24548A5A5c4198,1,1759276800,1791158400
317,0x37314f2dC7B7D232Bde3fCA7139FeA951374F61f,1,1759276800,1791158400
318,0xF3cf12D47585A35A544E7a3241F96C0C72B197bb,1,1759276800,1791158400
319,0x138eDa19C3febE27e6c0A7EcBc806546d822Dc01,1,1759276800,1791158400
320,0x509c96aD0647D27986185abc802592D5666E19e5,1,1759276800,1791158400
321,0xdA99f4cA0cC3397E4839f9492790c3925f961648,1,1759276800,1791158400
322,0xbc3839570F346E47D0B75c7a18bFc89cDB788f17,1,1759276800,1791158400
323,0xb0Ef2cDD580f2e89240574334502B850966db63A,1,1759276800,1791158400
324,0xf83BB820F5B067717Ad0DAe3BDc1125dA6C9E1A0,1,1759276800,1791158400
325,0xF852bb4127CFf037C8752311FF21bC87B61E78F9,1,1759276800,1791158400
326,0xE3eD580D261D4133c14Ef1cA4B75e8666632744f,1,1759276800,1791158400
327,0xDfac9660ae53e5691ceFDb1280e8bE8705e770a6,1,1759276800,1791158400
328,0xc801e9aAf62af60a02011dff4d5A3ccDBb0f88B0,1,1759276800,1791158400
329,0x21d1E356008A273Fd1EA197E69737AB2a8F0E424,1,1759276800,1791158400
330,0x2F9E91b4993c769baAA91229A839604681e110Ae,1,1759276800,1791158400
331,0xE5afEE501AD5371E4A662131F7DF2Ce85ff061f7,1,1759276800,1791158400
332,0xed697939c8c1Cbcfa0B3eE6195eB315b797f082A,1,1759276800,1791158400
333,0xC372c4A596f45abDc4DB19cDe206Ec35864ab133,1,1759276800,1791158400
334,0x8Bc9a90b081d23C946c5576D0F96001cEeD61D7f,1,1759276800,1791158400
